{
  "confusion": {
    "logreg": {
      "cm_counts": [
        [
          18,
          5,
          4,
          0
        ],
        [
          4,
          10,
          11,
          0
        ],
        [
          7,
          9,
          11,
          0
        ],
        [
          8,
          0,
          0,
          0
        ]
      ],
      "cm_normalized": [
        [
          0.6666666666419753,
          0.18518518517832647,
          0.14814814814266117,
          0.0
        ],
        [
          0.1599999999936,
          0.399999999984,
          0.4399999999824,
          0.0
        ],
        [
          0.25925925924965704,
          0.33333333332098763,
          0.40740740739231823,
          0.0
        ],
        [
          0.999999999875,
          0.0,
          0.0,
          0.0
        ]
      ]
    }
  },
  "per_class_metrics": {
    "plsda": {
      "precision": {
        "STEC": 0.3191489361702128,
        "Non-STEC": 0.375,
        "Salmonella": 0.3333333333333333,
        "H2O": 0.0
      },
      "recall": {
        "STEC": 0.5555555555555556,
        "Non-STEC": 0.24,
        "Salmonella": 0.2962962962962963,
        "H2O": 0.0
      },
      "f1": {
        "STEC": 0.40540540540540543,
        "Non-STEC": 0.2926829268292683,
        "Salmonella": 0.3137254901960784,
        "H2O": 0.0
      },
      "macro_f1": 0.252953455607688,
      "weighted_f1": 0.3072828431261123
    },
    "logreg": {
      "precision": {
        "STEC": 0.4864864864864865,
        "Non-STEC": 0.4166666666666667,
        "Salmonella": 0.4230769230769231,
        "H2O": 0.0
      },
      "recall": {
        "STEC": 0.6666666666666666,
        "Non-STEC": 0.4,
        "Salmonella": 0.4074074074074074,
        "H2O": 0.0
      },
      "f1": {
        "STEC": 0.5625,
        "Non-STEC": 0.40816326530612246,
        "Salmonella": 0.41509433962264153,
        "H2O": 0.0
      },
      "macro_f1": 0.34643940123219097,
      "weighted_f1": 0.42067964140763653
    },
    "xgb": {
      "precision": {
        "STEC": 0.17647058823529413,
        "Non-STEC": 0.36363636363636365,
        "Salmonella": 0.25806451612903225,
        "H2O": 0.0
      },
      "recall": {
        "STEC": 0.2222222222222222,
        "Non-STEC": 0.32,
        "Salmonella": 0.2962962962962963,
        "H2O": 0.0
      },
      "f1": {
        "STEC": 0.19672131147540983,
        "Non-STEC": 0.3404255319148936,
        "Salmonella": 0.27586206896551724,
        "H2O": 0.0
      },
      "macro_f1": 0.20325222808895518,
      "weighted_f1": 0.24448723643422265
    }
  },
  "bootstrap_ci": {
    "plsda": {
      "loso_mean_file_accuracy": 0.3333333333333333,
      "boot_ci_95_lo": 0.2413793103448276,
      "boot_ci_95_hi": 0.4367816091954023,
      "n_files": 87
    },
    "logreg": {
      "loso_mean_file_accuracy": 0.4482758620689655,
      "boot_ci_95_lo": 0.3448275862068966,
      "boot_ci_95_hi": 0.5517241379310345,
      "n_files": 87
    },
    "xgb": {
      "loso_mean_file_accuracy": 0.25287356321839083,
      "boot_ci_95_lo": 0.16091954022988506,
      "boot_ci_95_hi": 0.3448275862068966,
      "n_files": 87
    }
  },
  "mcnemar": {
    "logreg_vs_plsda": {
      "algo_a": "logreg",
      "algo_b": "plsda",
      "n_a_only_correct": 10,
      "n_b_only_correct": 0,
      "n_both_correct": 29,
      "n_both_wrong": 48,
      "n_total": 87,
      "mcnemar_p": 0.001953125
    },
    "logreg_vs_xgb": {
      "algo_a": "logreg",
      "algo_b": "xgb",
      "n_a_only_correct": 24,
      "n_b_only_correct": 7,
      "n_both_correct": 15,
      "n_both_wrong": 41,
      "n_total": 87,
      "mcnemar_p": 0.003326892852783203
    },
    "plsda_vs_xgb": {
      "algo_a": "plsda",
      "algo_b": "xgb",
      "n_a_only_correct": 17,
      "n_b_only_correct": 10,
      "n_both_correct": 12,
      "n_both_wrong": 48,
      "n_total": 87,
      "mcnemar_p": 0.24778856337070465
    }
  },
  "logreg_coefs": {
    "H2O": {
      "fit_lipid_1454_fwhm": -0.5392790003263127,
      "fit_lps_1050_center": 0.3858440022714361,
      "roi_silent_skew": -0.2707862223649672,
      "fit_aa_1004_height": -0.26240167026567607,
      "roi_silent_kurt": -0.2622109719516944,
      "fit_lps_1194_height": 0.22858442077459903,
      "fit_amide_iii_1242_rmse": -0.20164968088720414,
      "fit_lipid_1454_area": -0.19537158907921212,
      "fit_lipid_1454_height": -0.18760903088852493,
      "fit_lps_1117_height": -0.18613826300724073,
      "fit_amide_iii_1242_height": -0.16564583222356694
    },
    "Non-STEC": {
      "fit_lps_1117_fwhm": -0.9146349034538023,
      "fit_amide_iii_1242_height": 0.6795458994168095,
      "sam_lps_sub_O121H19": -0.6220889655697814,
      "fit_amide_iii_1242_rmse": 0.607142815293437,
      "d2_auc_lps_1117": 0.5929521096597973,
      "fit_amide_iii_1242_area": 0.591625528248452,
      "d1_auc_amide_i_1658": 0.5743563001226724,
      "d1_auc_lps_1117": 0.5477405022527699,
      "fit_lps_1117_area": 0.5268581184297544,
      "pca_chstretch_PC2": -0.5137468234931867,
      "roi_lps_chain_kurt": 0.44020162257723855
    },
    "STEC": {
      "d1_auc_lps_1117": -0.8984954171699335,
      "fit_lipid_1454_area": -0.8747367554645796,
      "fit_lps_1117_fwhm": 0.847096288304555,
      "sam_lps_sub_O121H19": 0.7696701240717014,
      "roi_silent_skew": 0.759057737290049,
      "fit_lipid_1454_fwhm": -0.72964469690011,
      "d2_auc_aa_1004": 0.706952249942749,
      "fit_lps_1117_height": 0.6155995856255436,
      "fit_lipid_1454_height": -0.5574839680690984,
      "roi_lps_chain_kurt": 0.43445765188731184,
      "fit_lps_1194_height": -0.41241122533214075
    },
    "Salmonella": {
      "roi_lps_chain_kurt": -1.0320030085815912,
      "fit_lipid_1454_fwhm": 1.0040497016858378,
      "fit_lps_1050_center": -0.7943816749908655,
      "fit_amide_iii_1242_height": -0.7344972694541383,
      "fit_lipid_1454_area": 0.6867450258907659,
      "roi_lps_chain_skew": -0.6446275877661669,
      "fit_amide_i_1658_rmse": 0.632410027862319,
      "fit_amide_iii_1242_area": -0.6174554557205273,
      "d1_auc_amide_i_1658": -0.47086694500432896,
      "fit_lps_1050_rmse": 0.4529383712346445,
      "d1_auc_lps_1117": 0.45221835769633084
    }
  },
  "nine_strain_loso_mean": {
    "plsda": 0.3670886075949367,
    "logreg": 0.4936708860759494,
    "xgb": 0.27848101265822783
  }
}